yearID,LgID,LeagueName,SubLeagueID,divID,TeamID,Franchise/AffiliationID,Rank/Wpct,G,Ghome,W,L,DivWin,WCWin,LgWin,WSWin,R,AB,H,2B,3B,HR,BB,SO,SB,CS,HBP,SF,RA,ER,ERA,CG,SHO,SV,IP,HA,HRA,BBA,SOA,E,DP,FP,name,City,Team Nickname,Park,attendance,BPF,PPF,4,MiLBFranchise
2008,EL,Eastern League,,,YKS2,YKS,,,,,,,,,,,,,,,,,,,,,,,,,,,,,,,,,,,,Tokyo Swallows,Tokyo,Swallows,,,,,,
2008,EL,Eastern League,,,YMG2,YMG,,,,,,,,,,,,,,,,,,,,,,,,,,,,,,,,,,,,Tokyo Giants,Tokyo,Giants,,,,,,
2008,EL,Eastern League,,,RKE2,RKE,,,,,,,,,,,,,,,,,,,,,,,,,,,,,,,,,,,,Sendai Golden Eagles,Sendai,Golden Eagles,,,,,,
2008,EL,Eastern League,,,SBL2,SBL,,,,,,,,,,,,,,,,,,,,,,,,,,,,,,,,,,,,Tokorozawa Lions,Tokorozawa,Lions,,,,,,
2008,EL,Eastern League,,,LTM2,LTM,,,,,,,,,,,,,,,,,,,,,,,,,,,,,,,,,,,,Chiba Marines,Chiba,Marines,,,,,,
2008,EL,Eastern League,,,NPH2,NPH,,,,,,,,,,,,,,,,,,,,,,,,,,,,,,,,,,,,Kamagaya Fighters,Kamagaya,Fighters,,,,,,
2008,WL,Western League,,,SBH2,SBH,,,,,,,,,,,,,,,,,,,,,,,,,,,,,,,,,,,,Fukuoka Hawks,Chikushino,Hawks,,,,,,
2008,WL,Western League,,,HNT2,HNT,,,,,,,,,,,,,,,,,,,,,,,,,,,,,,,,,,,,Nishinomiya Tigers,Nishinomiya,Tigers,,,,,,
2008,WL,Western League,,,HRC2,HRC,,,,,,,,,,,,,,,,,,,,,,,,,,,,,,,,,,,,Hiroshima Carp,Hiroshima,Carp,,,,,,
2008,WL,Western League,,,CHD2,CHD,,,,,,,,,,,,,,,,,,,,,,,,,,,,,,,,,,,,Nagoya Dragons,Nagoya,Dragons,,,,,,
2008,EL,Eastern League,,,YBS2,YBS,,,,,,,,,,,,,,,,,,,,,,,,,,,,,,,,,,,,Yokosuka BayStars,Yokosuka,BayStars,,,,,,
2008,WL,Western League,,,OBF2,OBF,,,,,,,,,,,,,,,,,,,,,,,,,,,,,,,,,,,,Kobe Buffaloes,Kobe,Buffaloes,,,,,,
2009,EL,Eastern League,,,YKS2,YKS,,,,,,,,,,,,,,,,,,,,,,,,,,,,,,,,,,,,Tokyo Swallows,Tokyo,Swallows,,,,,,
2009,EL,Eastern League,,,YMG2,YMG,,,,,,,,,,,,,,,,,,,,,,,,,,,,,,,,,,,,Tokyo Giants,Tokyo,Giants,,,,,,
2009,EL,Eastern League,,,RKE2,RKE,,,,,,,,,,,,,,,,,,,,,,,,,,,,,,,,,,,,Sendai Golden Eagles,Sendai,Golden Eagles,,,,,,
2009,EL,Eastern League,,,SBL2,SBL,,,,,,,,,,,,,,,,,,,,,,,,,,,,,,,,,,,,Tokorozawa Lions,Tokorozawa,Lions,,,,,,
2009,EL,Eastern League,,,LTM2,LTM,,,,,,,,,,,,,,,,,,,,,,,,,,,,,,,,,,,,Chiba Marines,Chiba,Marines,,,,,,
2009,EL,Eastern League,,,NPH2,NPH,,,,,,,,,,,,,,,,,,,,,,,,,,,,,,,,,,,,Kamagaya Fighters,Kamagaya,Fighters,,,,,,
2009,WL,Western League,,,SBH2,SBH,,,,,,,,,,,,,,,,,,,,,,,,,,,,,,,,,,,,Fukuoka Hawks,Chikushino,Hawks,,,,,,
2009,WL,Western League,,,HNT2,HNT,,,,,,,,,,,,,,,,,,,,,,,,,,,,,,,,,,,,Nishinomiya Tigers,Nishinomiya,Tigers,,,,,,
2009,WL,Western League,,,HRC2,HRC,,,,,,,,,,,,,,,,,,,,,,,,,,,,,,,,,,,,Hiroshima Carp,Hiroshima,Carp,,,,,,
2009,WL,Western League,,,CHD2,CHD,,,,,,,,,,,,,,,,,,,,,,,,,,,,,,,,,,,,Nagoya Dragons,Nagoya,Dragons,,,,,,
2009,EL,Eastern League,,,YBS2,YBS,,,,,,,,,,,,,,,,,,,,,,,,,,,,,,,,,,,,Yokosuka BayStars,Yokosuka,BayStars,,,,,,
2009,WL,Western League,,,OBF2,OBF,,,,,,,,,,,,,,,,,,,,,,,,,,,,,,,,,,,,Kobe Buffaloes,Kobe,Buffaloes,,,,,,
2010,EL,Eastern League,,,YKS2,YKS,,,,,,,,,,,,,,,,,,,,,,,,,,,,,,,,,,,,Tokyo Swallows,Tokyo,Swallows,,,,,,
2010,EL,Eastern League,,,YMG2,YMG,,,,,,,,,,,,,,,,,,,,,,,,,,,,,,,,,,,,Tokyo Giants,Tokyo,Giants,,,,,,
2010,EL,Eastern League,,,RKE2,RKE,,,,,,,,,,,,,,,,,,,,,,,,,,,,,,,,,,,,Sendai Golden Eagles,Sendai,Golden Eagles,,,,,,
2010,EL,Eastern League,,,SBL2,SBL,,,,,,,,,,,,,,,,,,,,,,,,,,,,,,,,,,,,Tokorozawa Lions,Tokorozawa,Lions,,,,,,
2010,EL,Eastern League,,,LTM2,LTM,,,,,,,,,,,,,,,,,,,,,,,,,,,,,,,,,,,,Chiba Marines,Chiba,Marines,,,,,,
2010,EL,Eastern League,,,NPH2,NPH,,,,,,,,,,,,,,,,,,,,,,,,,,,,,,,,,,,,Kamagaya Fighters,Kamagaya,Fighters,,,,,,
2010,WL,Western League,,,SBH2,SBH,,,,,,,,,,,,,,,,,,,,,,,,,,,,,,,,,,,,Fukuoka Hawks,Chikushino,Hawks,,,,,,
2010,WL,Western League,,,HNT2,HNT,,,,,,,,,,,,,,,,,,,,,,,,,,,,,,,,,,,,Nishinomiya Tigers,Nishinomiya,Tigers,,,,,,
2010,WL,Western League,,,HRC2,HRC,,,,,,,,,,,,,,,,,,,,,,,,,,,,,,,,,,,,Hiroshima Carp,Hiroshima,Carp,,,,,,
2010,WL,Western League,,,CHD2,CHD,,,,,,,,,,,,,,,,,,,,,,,,,,,,,,,,,,,,Nagoya Dragons,Nagoya,Dragons,,,,,,
2010,EL,Eastern League,,,YBS2,YBS,,,,,,,,,,,,,,,,,,,,,,,,,,,,,,,,,,,,Yokosuka BayStars,Yokosuka,BayStars,,,,,,
2010,WL,Western League,,,OBF2,OBF,,,,,,,,,,,,,,,,,,,,,,,,,,,,,,,,,,,,Kobe Buffaloes,Kobe,Buffaloes,,,,,,
2011,EL,Eastern League,,,YKS2,YKS,,,,,,,,,,,,,,,,,,,,,,,,,,,,,,,,,,,,Tokyo Swallows,Tokyo,Swallows,,,,,,
2011,EL,Eastern League,,,YMG2,YMG,,,,,,,,,,,,,,,,,,,,,,,,,,,,,,,,,,,,Tokyo Giants,Tokyo,Giants,,,,,,
2011,EL,Eastern League,,,RKE2,RKE,,,,,,,,,,,,,,,,,,,,,,,,,,,,,,,,,,,,Sendai Golden Eagles,Sendai,Golden Eagles,,,,,,
2011,EL,Eastern League,,,SBL2,SBL,,,,,,,,,,,,,,,,,,,,,,,,,,,,,,,,,,,,Tokorozawa Lions,Tokorozawa,Lions,,,,,,
2011,EL,Eastern League,,,LTM2,LTM,,,,,,,,,,,,,,,,,,,,,,,,,,,,,,,,,,,,Chiba Marines,Chiba,Marines,,,,,,
2011,EL,Eastern League,,,NPH2,NPH,,,,,,,,,,,,,,,,,,,,,,,,,,,,,,,,,,,,Kamagaya Fighters,Kamagaya,Fighters,,,,,,
2011,WL,Western League,,,SBH2,SBH,,,,,,,,,,,,,,,,,,,,,,,,,,,,,,,,,,,,Fukuoka Hawks,Chikushino,Hawks,,,,,,
2011,WL,Western League,,,HNT2,HNT,,,,,,,,,,,,,,,,,,,,,,,,,,,,,,,,,,,,Nishinomiya Tigers,Nishinomiya,Tigers,,,,,,
2011,WL,Western League,,,HRC2,HRC,,,,,,,,,,,,,,,,,,,,,,,,,,,,,,,,,,,,Hiroshima Carp,Hiroshima,Carp,,,,,,
2011,WL,Western League,,,CHD2,CHD,,,,,,,,,,,,,,,,,,,,,,,,,,,,,,,,,,,,Nagoya Dragons,Nagoya,Dragons,,,,,,
2011,EL,Eastern League,,,YBS2,YBS,,,,,,,,,,,,,,,,,,,,,,,,,,,,,,,,,,,,Yokosuka BayStars,Yokosuka,BayStars,,,,,,
2011,WL,Western League,,,OBF2,OBF,,,,,,,,,,,,,,,,,,,,,,,,,,,,,,,,,,,,Kobe Buffaloes,Kobe,Buffaloes,,,,,,
2012,EL,Eastern League,,,YKS2,YKS,,,,,,,,,,,,,,,,,,,,,,,,,,,,,,,,,,,,Tokyo Swallows,Tokyo,Swallows,,,,,,
2012,EL,Eastern League,,,YMG2,YMG,,,,,,,,,,,,,,,,,,,,,,,,,,,,,,,,,,,,Tokyo Giants,Tokyo,Giants,,,,,,
2012,EL,Eastern League,,,RKE2,RKE,,,,,,,,,,,,,,,,,,,,,,,,,,,,,,,,,,,,Sendai Golden Eagles,Sendai,Golden Eagles,,,,,,
2012,EL,Eastern League,,,SBL2,SBL,,,,,,,,,,,,,,,,,,,,,,,,,,,,,,,,,,,,Tokorozawa Lions,Tokorozawa,Lions,,,,,,
2012,EL,Eastern League,,,LTM2,LTM,,,,,,,,,,,,,,,,,,,,,,,,,,,,,,,,,,,,Chiba Marines,Chiba,Marines,,,,,,
2012,EL,Eastern League,,,NPH2,NPH,,,,,,,,,,,,,,,,,,,,,,,,,,,,,,,,,,,,Kamagaya Fighters,Kamagaya,Fighters,,,,,,
2012,WL,Western League,,,SBH2,SBH,,,,,,,,,,,,,,,,,,,,,,,,,,,,,,,,,,,,Fukuoka Hawks,Chikushino,Hawks,,,,,,
2012,WL,Western League,,,HNT2,HNT,,,,,,,,,,,,,,,,,,,,,,,,,,,,,,,,,,,,Nishinomiya Tigers,Nishinomiya,Tigers,,,,,,
2012,WL,Western League,,,HRC2,HRC,,,,,,,,,,,,,,,,,,,,,,,,,,,,,,,,,,,,Hiroshima Carp,Hiroshima,Carp,,,,,,
2012,WL,Western League,,,CHD2,CHD,,,,,,,,,,,,,,,,,,,,,,,,,,,,,,,,,,,,Nagoya Dragons,Nagoya,Dragons,,,,,,
2012,EL,Eastern League,,,DNB2,DNB,,,,,,,,,,,,,,,,,,,,,,,,,,,,,,,,,,,,Yokosuka BayStars,Yokosuka,BayStars,,,,,,
2012,WL,Western League,,,OBF2,OBF,,,,,,,,,,,,,,,,,,,,,,,,,,,,,,,,,,,,Kobe Buffaloes,Kobe,Buffaloes,,,,,,
2013,EL,Eastern League,,,YKS2,YKS,,,,,,,,,,,,,,,,,,,,,,,,,,,,,,,,,,,,Tokyo Swallows,Tokyo,Swallows,,,,,,
2013,EL,Eastern League,,,YMG2,YMG,,,,,,,,,,,,,,,,,,,,,,,,,,,,,,,,,,,,Tokyo Giants,Tokyo,Giants,,,,,,
2013,EL,Eastern League,,,RKE2,RKE,,,,,,,,,,,,,,,,,,,,,,,,,,,,,,,,,,,,Sendai Golden Eagles,Sendai,Golden Eagles,,,,,,
2013,EL,Eastern League,,,SBL2,SBL,,,,,,,,,,,,,,,,,,,,,,,,,,,,,,,,,,,,Tokorozawa Lions,Tokorozawa,Lions,,,,,,
2013,EL,Eastern League,,,LTM2,LTM,,,,,,,,,,,,,,,,,,,,,,,,,,,,,,,,,,,,Chiba Marines,Chiba,Marines,,,,,,
2013,EL,Eastern League,,,NPH2,NPH,,,,,,,,,,,,,,,,,,,,,,,,,,,,,,,,,,,,Kamagaya Fighters,Kamagaya,Fighters,,,,,,
2013,WL,Western League,,,SBH2,SBH,,,,,,,,,,,,,,,,,,,,,,,,,,,,,,,,,,,,Fukuoka Hawks,Chikushino,Hawks,,,,,,
2013,WL,Western League,,,HNT2,HNT,,,,,,,,,,,,,,,,,,,,,,,,,,,,,,,,,,,,Nishinomiya Tigers,Nishinomiya,Tigers,,,,,,
2013,WL,Western League,,,HRC2,HRC,,,,,,,,,,,,,,,,,,,,,,,,,,,,,,,,,,,,Hiroshima Carp,Hiroshima,Carp,,,,,,
2013,WL,Western League,,,CHD2,CHD,,,,,,,,,,,,,,,,,,,,,,,,,,,,,,,,,,,,Nagoya Dragons,Nagoya,Dragons,,,,,,
2013,EL,Eastern League,,,DNB2,DNB,,,,,,,,,,,,,,,,,,,,,,,,,,,,,,,,,,,,Yokosuka BayStars,Yokosuka,BayStars,,,,,,
2013,WL,Western League,,,OBF2,OBF,,,,,,,,,,,,,,,,,,,,,,,,,,,,,,,,,,,,Kobe Buffaloes,Kobe,Buffaloes,,,,,,
2014,EL,Eastern League,,,YKS2,YKS,,,,,,,,,,,,,,,,,,,,,,,,,,,,,,,,,,,,Tokyo Swallows,Tokyo,Swallows,,,,,,
2014,EL,Eastern League,,,YMG2,YMG,,,,,,,,,,,,,,,,,,,,,,,,,,,,,,,,,,,,Tokyo Giants,Tokyo,Giants,,,,,,
2014,EL,Eastern League,,,RKE2,RKE,,,,,,,,,,,,,,,,,,,,,,,,,,,,,,,,,,,,Sendai Golden Eagles,Sendai,Golden Eagles,,,,,,
2014,EL,Eastern League,,,SBL2,SBL,,,,,,,,,,,,,,,,,,,,,,,,,,,,,,,,,,,,Tokorozawa Lions,Tokorozawa,Lions,,,,,,
2014,EL,Eastern League,,,LTM2,LTM,,,,,,,,,,,,,,,,,,,,,,,,,,,,,,,,,,,,Chiba Marines,Chiba,Marines,,,,,,
2014,EL,Eastern League,,,NPH2,NPH,,,,,,,,,,,,,,,,,,,,,,,,,,,,,,,,,,,,Kamagaya Fighters,Kamagaya,Fighters,,,,,,
2014,WL,Western League,,,SBH2,SBH,,,,,,,,,,,,,,,,,,,,,,,,,,,,,,,,,,,,Fukuoka Hawks,Chikushino,Hawks,,,,,,
2014,WL,Western League,,,HNT2,HNT,,,,,,,,,,,,,,,,,,,,,,,,,,,,,,,,,,,,Nishinomiya Tigers,Nishinomiya,Tigers,,,,,,
2014,WL,Western League,,,HRC2,HRC,,,,,,,,,,,,,,,,,,,,,,,,,,,,,,,,,,,,Hiroshima Carp,Hiroshima,Carp,,,,,,
2014,WL,Western League,,,CHD2,CHD,,,,,,,,,,,,,,,,,,,,,,,,,,,,,,,,,,,,Nagoya Dragons,Nagoya,Dragons,,,,,,
2014,EL,Eastern League,,,DNB2,DNB,,,,,,,,,,,,,,,,,,,,,,,,,,,,,,,,,,,,Yokosuka BayStars,Yokosuka,BayStars,,,,,,
2014,WL,Western League,,,OBF2,OBF,,,,,,,,,,,,,,,,,,,,,,,,,,,,,,,,,,,,Kobe Buffaloes,Kobe,Buffaloes,,,,,,
2015,EL,Eastern League,,,YKS2,YKS,,,,,,,,,,,,,,,,,,,,,,,,,,,,,,,,,,,,Tokyo Swallows,Tokyo,Swallows,,,,,,
2015,EL,Eastern League,,,YMG2,YMG,,,,,,,,,,,,,,,,,,,,,,,,,,,,,,,,,,,,Tokyo Giants,Tokyo,Giants,,,,,,
2015,EL,Eastern League,,,RKE2,RKE,,,,,,,,,,,,,,,,,,,,,,,,,,,,,,,,,,,,Sendai Golden Eagles,Sendai,Golden Eagles,,,,,,
2015,EL,Eastern League,,,SBL2,SBL,,,,,,,,,,,,,,,,,,,,,,,,,,,,,,,,,,,,Tokorozawa Lions,Tokorozawa,Lions,,,,,,
2015,EL,Eastern League,,,LTM2,LTM,,,,,,,,,,,,,,,,,,,,,,,,,,,,,,,,,,,,Chiba Marines,Chiba,Marines,,,,,,
2015,EL,Eastern League,,,NPH2,NPH,,,,,,,,,,,,,,,,,,,,,,,,,,,,,,,,,,,,Kamagaya Fighters,Kamagaya,Fighters,,,,,,
2015,WL,Western League,,,SBH2,SBH,,,,,,,,,,,,,,,,,,,,,,,,,,,,,,,,,,,,Fukuoka Hawks,Chikushino,Hawks,,,,,,
2015,WL,Western League,,,HNT2,HNT,,,,,,,,,,,,,,,,,,,,,,,,,,,,,,,,,,,,Nishinomiya Tigers,Nishinomiya,Tigers,,,,,,
2015,WL,Western League,,,HRC2,HRC,,,,,,,,,,,,,,,,,,,,,,,,,,,,,,,,,,,,Hiroshima Carp,Hiroshima,Carp,,,,,,
2015,WL,Western League,,,CHD2,CHD,,,,,,,,,,,,,,,,,,,,,,,,,,,,,,,,,,,,Nagoya Dragons,Nagoya,Dragons,,,,,,
2015,EL,Eastern League,,,DNB2,DNB,,,,,,,,,,,,,,,,,,,,,,,,,,,,,,,,,,,,Yokosuka BayStars,Yokosuka,BayStars,,,,,,
2015,WL,Western League,,,OBF2,OBF,,,,,,,,,,,,,,,,,,,,,,,,,,,,,,,,,,,,Kobe Buffaloes,Kobe,Buffaloes,,,,,,
2016,EL,Eastern League,,,YKS2,YKS,,,,,,,,,,,,,,,,,,,,,,,,,,,,,,,,,,,,Tokyo Swallows,Tokyo,Swallows,,,,,,
2016,EL,Eastern League,,,YMG2,YMG,,,,,,,,,,,,,,,,,,,,,,,,,,,,,,,,,,,,Tokyo Giants,Tokyo,Giants,,,,,,
2016,EL,Eastern League,,,RKE2,RKE,,,,,,,,,,,,,,,,,,,,,,,,,,,,,,,,,,,,Sendai Golden Eagles,Sendai,Golden Eagles,,,,,,
2016,EL,Eastern League,,,SBL2,SBL,,,,,,,,,,,,,,,,,,,,,,,,,,,,,,,,,,,,Tokorozawa Lions,Tokorozawa,Lions,,,,,,
2016,EL,Eastern League,,,LTM2,LTM,,,,,,,,,,,,,,,,,,,,,,,,,,,,,,,,,,,,Chiba Marines,Chiba,Marines,,,,,,
2016,EL,Eastern League,,,NPH2,NPH,,,,,,,,,,,,,,,,,,,,,,,,,,,,,,,,,,,,Kamagaya Fighters,Kamagaya,Fighters,,,,,,
2016,WL,Western League,,,SBH2,SBH,,,,,,,,,,,,,,,,,,,,,,,,,,,,,,,,,,,,Fukuoka Hawks,Chikushino,Hawks,,,,,,
2016,WL,Western League,,,HNT2,HNT,,,,,,,,,,,,,,,,,,,,,,,,,,,,,,,,,,,,Nishinomiya Tigers,Nishinomiya,Tigers,,,,,,
2016,WL,Western League,,,HRC2,HRC,,,,,,,,,,,,,,,,,,,,,,,,,,,,,,,,,,,,Hiroshima Carp,Hiroshima,Carp,,,,,,
2016,WL,Western League,,,CHD2,CHD,,,,,,,,,,,,,,,,,,,,,,,,,,,,,,,,,,,,Nagoya Dragons,Nagoya,Dragons,,,,,,
2016,EL,Eastern League,,,DNB2,DNB,,,,,,,,,,,,,,,,,,,,,,,,,,,,,,,,,,,,Yokosuka BayStars,Yokosuka,BayStars,,,,,,
2016,WL,Western League,,,OBF2,OBF,,,,,,,,,,,,,,,,,,,,,,,,,,,,,,,,,,,,Kobe Buffaloes,Kobe,Buffaloes,,,,,,
2017,EL,Eastern League,,,YKS2,YKS,,,,,,,,,,,,,,,,,,,,,,,,,,,,,,,,,,,,Tokyo Swallows,Tokyo,Swallows,,,,,,
2017,EL,Eastern League,,,YMG2,YMG,,,,,,,,,,,,,,,,,,,,,,,,,,,,,,,,,,,,Tokyo Giants,Tokyo,Giants,,,,,,
2017,EL,Eastern League,,,RKE2,RKE,,,,,,,,,,,,,,,,,,,,,,,,,,,,,,,,,,,,Sendai Golden Eagles,Sendai,Golden Eagles,,,,,,
2017,EL,Eastern League,,,SBL2,SBL,,,,,,,,,,,,,,,,,,,,,,,,,,,,,,,,,,,,Tokorozawa Lions,Tokorozawa,Lions,,,,,,
2017,EL,Eastern League,,,LTM2,LTM,,,,,,,,,,,,,,,,,,,,,,,,,,,,,,,,,,,,Chiba Marines,Chiba,Marines,,,,,,
2017,EL,Eastern League,,,NPH2,NPH,,,,,,,,,,,,,,,,,,,,,,,,,,,,,,,,,,,,Kamagaya Fighters,Kamagaya,Fighters,,,,,,
2017,WL,Western League,,,SBH2,SBH,,,,,,,,,,,,,,,,,,,,,,,,,,,,,,,,,,,,Fukuoka Hawks,Chikushino,Hawks,,,,,,
2017,WL,Western League,,,HNT2,HNT,,,,,,,,,,,,,,,,,,,,,,,,,,,,,,,,,,,,Nishinomiya Tigers,Nishinomiya,Tigers,,,,,,
2017,WL,Western League,,,HRC2,HRC,,,,,,,,,,,,,,,,,,,,,,,,,,,,,,,,,,,,Hiroshima Carp,Hiroshima,Carp,,,,,,
2017,WL,Western League,,,CHD2,CHD,,,,,,,,,,,,,,,,,,,,,,,,,,,,,,,,,,,,Nagoya Dragons,Nagoya,Dragons,,,,,,
2017,EL,Eastern League,,,DNB2,DNB,,,,,,,,,,,,,,,,,,,,,,,,,,,,,,,,,,,,Yokosuka BayStars,Yokosuka,BayStars,,,,,,
2017,WL,Western League,,,OBF2,OBF,,,,,,,,,,,,,,,,,,,,,,,,,,,,,,,,,,,,Kobe Buffaloes,Kobe,Buffaloes,,,,,,
2018,EL,Eastern League,,,YKS2,YKS,,,,,,,,,,,,,,,,,,,,,,,,,,,,,,,,,,,,Tokyo Swallows,Tokyo,Swallows,,,,,,
2018,EL,Eastern League,,,YMG2,YMG,,,,,,,,,,,,,,,,,,,,,,,,,,,,,,,,,,,,Tokyo Giants,Tokyo,Giants,,,,,,
2018,EL,Eastern League,,,RKE2,RKE,,,,,,,,,,,,,,,,,,,,,,,,,,,,,,,,,,,,Sendai Golden Eagles,Sendai,Golden Eagles,,,,,,
2018,EL,Eastern League,,,SBL2,SBL,,,,,,,,,,,,,,,,,,,,,,,,,,,,,,,,,,,,Tokorozawa Lions,Tokorozawa,Lions,,,,,,
2018,EL,Eastern League,,,LTM2,LTM,,,,,,,,,,,,,,,,,,,,,,,,,,,,,,,,,,,,Chiba Marines,Chiba,Marines,,,,,,
2018,EL,Eastern League,,,NPH2,NPH,,,,,,,,,,,,,,,,,,,,,,,,,,,,,,,,,,,,Kamagaya Fighters,Kamagaya,Fighters,,,,,,
2018,WL,Western League,,,SBH2,SBH,,,,,,,,,,,,,,,,,,,,,,,,,,,,,,,,,,,,Fukuoka Hawks,Chikushino,Hawks,,,,,,
2018,WL,Western League,,,HNT2,HNT,,,,,,,,,,,,,,,,,,,,,,,,,,,,,,,,,,,,Nishinomiya Tigers,Nishinomiya,Tigers,,,,,,
2018,WL,Western League,,,HRC2,HRC,,,,,,,,,,,,,,,,,,,,,,,,,,,,,,,,,,,,Hiroshima Carp,Hiroshima,Carp,,,,,,
2018,WL,Western League,,,CHD2,CHD,,,,,,,,,,,,,,,,,,,,,,,,,,,,,,,,,,,,Nagoya Dragons,Nagoya,Dragons,,,,,,
2018,EL,Eastern League,,,DNB2,DNB,,,,,,,,,,,,,,,,,,,,,,,,,,,,,,,,,,,,Yokosuka BayStars,Yokosuka,BayStars,,,,,,
2018,WL,Western League,,,OBF2,OBF,,,,,,,,,,,,,,,,,,,,,,,,,,,,,,,,,,,,Kobe Buffaloes,Kobe,Buffaloes,,,,,,
2019,EL,Eastern League,,,YKS2,YKS,,,,,,,,,,,,,,,,,,,,,,,,,,,,,,,,,,,,Tokyo Swallows,Tokyo,Swallows,,,,,,
2019,EL,Eastern League,,,YMG2,YMG,,,,,,,,,,,,,,,,,,,,,,,,,,,,,,,,,,,,Tokyo Giants,Tokyo,Giants,,,,,,
2019,EL,Eastern League,,,RKE2,RKE,,,,,,,,,,,,,,,,,,,,,,,,,,,,,,,,,,,,Sendai Golden Eagles,Sendai,Golden Eagles,,,,,,
2019,EL,Eastern League,,,SBL2,SBL,,,,,,,,,,,,,,,,,,,,,,,,,,,,,,,,,,,,Tokorozawa Lions,Tokorozawa,Lions,,,,,,
2019,EL,Eastern League,,,LTM2,LTM,,,,,,,,,,,,,,,,,,,,,,,,,,,,,,,,,,,,Chiba Marines,Chiba,Marines,,,,,,
2019,EL,Eastern League,,,NPH2,NPH,,,,,,,,,,,,,,,,,,,,,,,,,,,,,,,,,,,,Kamagaya Fighters,Kamagaya,Fighters,,,,,,
2019,WL,Western League,,,SBH2,SBH,,,,,,,,,,,,,,,,,,,,,,,,,,,,,,,,,,,,Fukuoka Hawks,Chikushino,Hawks,,,,,,
2019,WL,Western League,,,HNT2,HNT,,,,,,,,,,,,,,,,,,,,,,,,,,,,,,,,,,,,Nishinomiya Tigers,Nishinomiya,Tigers,,,,,,
2019,WL,Western League,,,HRC2,HRC,,,,,,,,,,,,,,,,,,,,,,,,,,,,,,,,,,,,Hiroshima Carp,Hiroshima,Carp,,,,,,
2019,WL,Western League,,,CHD2,CHD,,,,,,,,,,,,,,,,,,,,,,,,,,,,,,,,,,,,Nagoya Dragons,Nagoya,Dragons,,,,,,
2019,EL,Eastern League,,,DNB2,DNB,,,,,,,,,,,,,,,,,,,,,,,,,,,,,,,,,,,,Yokosuka BayStars,Yokosuka,BayStars,,,,,,
2019,WL,Western League,,,OBF2,OBF,,,,,,,,,,,,,,,,,,,,,,,,,,,,,,,,,,,,Kobe Buffaloes,Kobe,Buffaloes,,,,,,
2020,EL,Eastern League,,,YKS2,YKS,,,,,,,,,,,,,,,,,,,,,,,,,,,,,,,,,,,,Tokyo Swallows,Tokyo,Swallows,,,,,,
2020,EL,Eastern League,,,YMG2,YMG,,,,,,,,,,,,,,,,,,,,,,,,,,,,,,,,,,,,Tokyo Giants,Tokyo,Giants,,,,,,
2020,EL,Eastern League,,,RKE2,RKE,,,,,,,,,,,,,,,,,,,,,,,,,,,,,,,,,,,,Sendai Golden Eagles,Sendai,Golden Eagles,,,,,,
2020,EL,Eastern League,,,SBL2,SBL,,,,,,,,,,,,,,,,,,,,,,,,,,,,,,,,,,,,Tokorozawa Lions,Tokorozawa,Lions,,,,,,
2020,EL,Eastern League,,,LTM2,LTM,,,,,,,,,,,,,,,,,,,,,,,,,,,,,,,,,,,,Chiba Marines,Chiba,Marines,,,,,,
2020,EL,Eastern League,,,NPH2,NPH,,,,,,,,,,,,,,,,,,,,,,,,,,,,,,,,,,,,Kamagaya Fighters,Kamagaya,Fighters,,,,,,
2020,WL,Western League,,,SBH2,SBH,,,,,,,,,,,,,,,,,,,,,,,,,,,,,,,,,,,,Fukuoka Hawks,Chikushino,Hawks,,,,,,
2020,WL,Western League,,,HNT2,HNT,,,,,,,,,,,,,,,,,,,,,,,,,,,,,,,,,,,,Nishinomiya Tigers,Nishinomiya,Tigers,,,,,,
2020,WL,Western League,,,HRC2,HRC,,,,,,,,,,,,,,,,,,,,,,,,,,,,,,,,,,,,Hiroshima Carp,Hiroshima,Carp,,,,,,
2020,WL,Western League,,,CHD2,CHD,,,,,,,,,,,,,,,,,,,,,,,,,,,,,,,,,,,,Nagoya Dragons,Nagoya,Dragons,,,,,,
2020,EL,Eastern League,,,DNB2,DNB,,,,,,,,,,,,,,,,,,,,,,,,,,,,,,,,,,,,Yokosuka BayStars,Yokosuka,BayStars,,,,,,
2020,WL,Western League,,,OBF2,OBF,,,,,,,,,,,,,,,,,,,,,,,,,,,,,,,,,,,,Kobe Buffaloes,Kobe,Buffaloes,,,,,,
2021,EL,Eastern League,,,YKS2,YKS,,,,,,,,,,,,,,,,,,,,,,,,,,,,,,,,,,,,Tokyo Swallows,Tokyo,Swallows,,,,,,
2021,EL,Eastern League,,,YMG2,YMG,,,,,,,,,,,,,,,,,,,,,,,,,,,,,,,,,,,,Tokyo Giants,Tokyo,Giants,,,,,,
2021,EL,Eastern League,,,RKE2,RKE,,,,,,,,,,,,,,,,,,,,,,,,,,,,,,,,,,,,Sendai Golden Eagles,Sendai,Golden Eagles,,,,,,
2021,EL,Eastern League,,,SBL2,SBL,,,,,,,,,,,,,,,,,,,,,,,,,,,,,,,,,,,,Tokorozawa Lions,Tokorozawa,Lions,,,,,,
2021,EL,Eastern League,,,LTM2,LTM,,,,,,,,,,,,,,,,,,,,,,,,,,,,,,,,,,,,Chiba Marines,Chiba,Marines,,,,,,
2021,EL,Eastern League,,,NPH2,NPH,,,,,,,,,,,,,,,,,,,,,,,,,,,,,,,,,,,,Kamagaya Fighters,Kamagaya,Fighters,,,,,,
2021,WL,Western League,,,SBH2,SBH,,,,,,,,,,,,,,,,,,,,,,,,,,,,,,,,,,,,Fukuoka Hawks,Chikushino,Hawks,,,,,,
2021,WL,Western League,,,HNT2,HNT,,,,,,,,,,,,,,,,,,,,,,,,,,,,,,,,,,,,Nishinomiya Tigers,Nishinomiya,Tigers,,,,,,
2021,WL,Western League,,,HRC2,HRC,,,,,,,,,,,,,,,,,,,,,,,,,,,,,,,,,,,,Hiroshima Carp,Hiroshima,Carp,,,,,,
2021,WL,Western League,,,CHD2,CHD,,,,,,,,,,,,,,,,,,,,,,,,,,,,,,,,,,,,Nagoya Dragons,Nagoya,Dragons,,,,,,
2021,EL,Eastern League,,,DNB2,DNB,,,,,,,,,,,,,,,,,,,,,,,,,,,,,,,,,,,,Yokosuka BayStars,Yokosuka,BayStars,,,,,,
2021,WL,Western League,,,OBF2,OBF,,,,,,,,,,,,,,,,,,,,,,,,,,,,,,,,,,,,Kobe Buffaloes,Kobe,Buffaloes,,,,,,
2022,EL,Eastern League,,,YKS2,YKS,,,,,,,,,,,,,,,,,,,,,,,,,,,,,,,,,,,,Tokyo Swallows,Tokyo,Swallows,,,,,,
2022,EL,Eastern League,,,YMG2,YMG,,,,,,,,,,,,,,,,,,,,,,,,,,,,,,,,,,,,Tokyo Giants,Tokyo,Giants,,,,,,
2022,EL,Eastern League,,,RKE2,RKE,,,,,,,,,,,,,,,,,,,,,,,,,,,,,,,,,,,,Sendai Golden Eagles,Sendai,Golden Eagles,,,,,,
2022,EL,Eastern League,,,SBL2,SBL,,,,,,,,,,,,,,,,,,,,,,,,,,,,,,,,,,,,Tokorozawa Lions,Tokorozawa,Lions,,,,,,
2022,EL,Eastern League,,,LTM2,LTM,,,,,,,,,,,,,,,,,,,,,,,,,,,,,,,,,,,,Chiba Marines,Chiba,Marines,,,,,,
2022,EL,Eastern League,,,NPH2,NPH,,,,,,,,,,,,,,,,,,,,,,,,,,,,,,,,,,,,Kamagaya Fighters,Kamagaya,Fighters,,,,,,
2022,WL,Western League,,,SBH2,SBH,,,,,,,,,,,,,,,,,,,,,,,,,,,,,,,,,,,,Fukuoka Hawks,Chikushino,Hawks,,,,,,
2022,WL,Western League,,,HNT2,HNT,,,,,,,,,,,,,,,,,,,,,,,,,,,,,,,,,,,,Nishinomiya Tigers,Nishinomiya,Tigers,,,,,,
2022,WL,Western League,,,HRC2,HRC,,,,,,,,,,,,,,,,,,,,,,,,,,,,,,,,,,,,Hiroshima Carp,Hiroshima,Carp,,,,,,
2022,WL,Western League,,,CHD2,CHD,,,,,,,,,,,,,,,,,,,,,,,,,,,,,,,,,,,,Nagoya Dragons,Nagoya,Dragons,,,,,,
2022,EL,Eastern League,,,DNB2,DNB,,,,,,,,,,,,,,,,,,,,,,,,,,,,,,,,,,,,Yokosuka BayStars,Yokosuka,BayStars,,,,,,
2022,WL,Western League,,,OBF2,OBF,,,,,,,,,,,,,,,,,,,,,,,,,,,,,,,,,,,,Kobe Buffaloes,Kobe,Buffaloes,,,,,,
2023,EL,Eastern League,,,YKS2,YKS,,,,,,,,,,,,,,,,,,,,,,,,,,,,,,,,,,,,Tokyo Swallows,Tokyo,Swallows,,,,,,
2023,EL,Eastern League,,,YMG2,YMG,,,,,,,,,,,,,,,,,,,,,,,,,,,,,,,,,,,,Tokyo Giants,Tokyo,Giants,,,,,,
2023,EL,Eastern League,,,RKE2,RKE,,,,,,,,,,,,,,,,,,,,,,,,,,,,,,,,,,,,Sendai Golden Eagles,Sendai,Golden Eagles,,,,,,
2023,EL,Eastern League,,,SBL2,SBL,,,,,,,,,,,,,,,,,,,,,,,,,,,,,,,,,,,,Tokorozawa Lions,Tokorozawa,Lions,,,,,,
2023,EL,Eastern League,,,LTM2,LTM,,,,,,,,,,,,,,,,,,,,,,,,,,,,,,,,,,,,Chiba Marines,Chiba,Marines,,,,,,
2023,EL,Eastern League,,,NPH2,NPH,,,,,,,,,,,,,,,,,,,,,,,,,,,,,,,,,,,,Kamagaya Fighters,Kamagaya,Fighters,,,,,,
2023,WL,Western League,,,SBH2,SBH,,,,,,,,,,,,,,,,,,,,,,,,,,,,,,,,,,,,Fukuoka Hawks,Chikushino,Hawks,,,,,,
2023,WL,Western League,,,HNT2,HNT,,,,,,,,,,,,,,,,,,,,,,,,,,,,,,,,,,,,Nishinomiya Tigers,Nishinomiya,Tigers,,,,,,
2023,WL,Western League,,,HRC2,HRC,,,,,,,,,,,,,,,,,,,,,,,,,,,,,,,,,,,,Hiroshima Carp,Hiroshima,Carp,,,,,,
2023,WL,Western League,,,CHD2,CHD,,,,,,,,,,,,,,,,,,,,,,,,,,,,,,,,,,,,Nagoya Dragons,Nagoya,Dragons,,,,,,
2023,EL,Eastern League,,,DNB2,DNB,,,,,,,,,,,,,,,,,,,,,,,,,,,,,,,,,,,,Yokosuka BayStars,Yokosuka,BayStars,,,,,,
2023,WL,Western League,,,OBF2,OBF,,,,,,,,,,,,,,,,,,,,,,,,,,,,,,,,,,,,Kobe Buffaloes,Kobe,Buffaloes,,,,,,
2024,EL,Eastern League,,,YKS2,YKS,,,,,,,,,,,,,,,,,,,,,,,,,,,,,,,,,,,,Tokyo Swallows,Tokyo,Swallows,,,,,,
2024,EL,Eastern League,,,YMG2,YMG,,,,,,,,,,,,,,,,,,,,,,,,,,,,,,,,,,,,Tokyo Giants,Tokyo,Giants,,,,,,
2024,EL,Eastern League,,,RKE2,RKE,,,,,,,,,,,,,,,,,,,,,,,,,,,,,,,,,,,,Sendai Golden Eagles,Sendai,Golden Eagles,,,,,,
2024,EL,Eastern League,,,SBL2,SBL,,,,,,,,,,,,,,,,,,,,,,,,,,,,,,,,,,,,Tokorozawa Lions,Tokorozawa,Lions,,,,,,
2024,EL,Eastern League,,,LTM2,LTM,,,,,,,,,,,,,,,,,,,,,,,,,,,,,,,,,,,,Chiba Marines,Chiba,Marines,,,,,,
2024,EL,Eastern League,,,NPH2,NPH,,,,,,,,,,,,,,,,,,,,,,,,,,,,,,,,,,,,Kamagaya Fighters,Kamagaya,Fighters,,,,,,
2024,WL,Western League,,,SBH2,SBH,,,,,,,,,,,,,,,,,,,,,,,,,,,,,,,,,,,,Fukuoka Hawks,Chikushino,Hawks,,,,,,
2024,WL,Western League,,,HNT2,HNT,,,,,,,,,,,,,,,,,,,,,,,,,,,,,,,,,,,,Nishinomiya Tigers,Nishinomiya,Tigers,,,,,,
2024,WL,Western League,,,HRC2,HRC,,,,,,,,,,,,,,,,,,,,,,,,,,,,,,,,,,,,Hiroshima Carp,Hiroshima,Carp,,,,,,
2024,WL,Western League,,,CHD2,CHD,,,,,,,,,,,,,,,,,,,,,,,,,,,,,,,,,,,,Nagoya Dragons,Nagoya,Dragons,,,,,,
2024,EL,Eastern League,,,DNB2,DNB,,,,,,,,,,,,,,,,,,,,,,,,,,,,,,,,,,,,Yokosuka BayStars,Yokosuka,BayStars,,,,,,
2024,WL,Western League,,,OBF2,OBF,,,,,,,,,,,,,,,,,,,,,,,,,,,,,,,,,,,,Kobe Buffaloes,Kobe,Buffaloes,,,,,,
2024,EL,Eastern League,,,OA,,,,,,,,,,,,,,,,,,,,,,,,,,,,,,,,,,,,,Niigata Albirex,Niigata,Albirex,,,,,,
2024,WL,Western League,,,KH,,,,,,,,,,,,,,,,,,,,,,,,,,,,,,,,,,,,,Kofu Ventforet,Kofu,Ventforet,,,,,,
2025,EL,Eastern League,,,YKS2,YKS,,,,,,,,,,,,,,,,,,,,,,,,,,,,,,,,,,,,Tokyo Swallows,Tokyo,Swallows,,,,,,
2025,EL,Eastern League,,,YMG2,YMG,,,,,,,,,,,,,,,,,,,,,,,,,,,,,,,,,,,,Tokyo Giants,Tokyo,Giants,,,,,,
2025,EL,Eastern League,,,RKE2,RKE,,,,,,,,,,,,,,,,,,,,,,,,,,,,,,,,,,,,Sendai Golden Eagles,Sendai,Golden Eagles,,,,,,
2025,EL,Eastern League,,,SBL2,SBL,,,,,,,,,,,,,,,,,,,,,,,,,,,,,,,,,,,,Tokorozawa Lions,Tokorozawa,Lions,,,,,,
2025,EL,Eastern League,,,LTM2,LTM,,,,,,,,,,,,,,,,,,,,,,,,,,,,,,,,,,,,Chiba Marines,Chiba,Marines,,,,,,
2025,EL,Eastern League,,,NPH2,NPH,,,,,,,,,,,,,,,,,,,,,,,,,,,,,,,,,,,,Kamagaya Fighters,Kamagaya,Fighters,,,,,,
2025,WL,Western League,,,SBH2,SBH,,,,,,,,,,,,,,,,,,,,,,,,,,,,,,,,,,,,Fukuoka Hawks,Chikushino,Hawks,,,,,,
2025,WL,Western League,,,HNT2,HNT,,,,,,,,,,,,,,,,,,,,,,,,,,,,,,,,,,,,Nishinomiya Tigers,Nishinomiya,Tigers,,,,,,
2025,WL,Western League,,,HRC2,HRC,,,,,,,,,,,,,,,,,,,,,,,,,,,,,,,,,,,,Hiroshima Carp,Hiroshima,Carp,,,,,,
2025,WL,Western League,,,CHD2,CHD,,,,,,,,,,,,,,,,,,,,,,,,,,,,,,,,,,,,Nagoya Dragons,Nagoya,Dragons,,,,,,
2025,EL,Eastern League,,,DNB2,DNB,,,,,,,,,,,,,,,,,,,,,,,,,,,,,,,,,,,,Yokosuka BayStars,Yokosuka,BayStars,,,,,,
2025,WL,Western League,,,OBF2,OBF,,,,,,,,,,,,,,,,,,,,,,,,,,,,,,,,,,,,Kobe Buffaloes,Kobe,Buffaloes,,,,,,
2025,EL,Eastern League,,,OA,,,,,,,,,,,,,,,,,,,,,,,,,,,,,,,,,,,,,Niigata Albirex,Niigata,Albirex,,,,,,
2025,WL,Western League,,,KH,,,,,,,,,,,,,,,,,,,,,,,,,,,,,,,,,,,,,Kofu Ventforet,Kofu,Ventforet,,,,,,
